Name,Address,City,Province,Postal Code,Phone,Discipline,Centre Type,Association,URL,Language,Email,Established,Longitude,Latitude
"3E IMPÉRIAL, Centre D'ESSAI EN ART ACTUEL","164 rue Cowie, local 310","Granby","Québec","J2G 3V3","450-372-7261","Film/Video, Interdisciplinary, Media and Digital Arts, Performance and Live Arts, Sound Art and Music, Visual Arts","Artists' Residencies, No Fixed Location, Exhibition Centre, Information Centre, Production Centre, Publisher","Regroupement des Centres d'Artistes Autogérés du Québec (RCAAQ)","https://3e-imperial.org/","FR","info@3e-imperial.org","","-72.7271379","45.3969919"
"Access Gallery","222 East Georgia Street","Vancouver","British Columbia","V6A 1Z7","604-689-2907","Film/Video, Interdisciplinary, Media and Digital Arts, Performance and Live Arts, Publications and Publishing","Artists' Residencies, Exhibition Centre, Publisher","Pacific Association of Artist-Run Centres (PAARC)","https://www.accessgallery.ca/","EN","info@accessgallery.ca","","-123.0988642","49.2784361"
"Aceartinc","206 Princess Street","Winnipeg","Manitoba","R3G 1L4","1(204) 944-9763","Interdisciplinary, Media and Digital Arts, Performance and Live Arts, Publications and Publishing, Visual Arts","Artists' Residencies, Exhibition Centre, Publisher","Manitoba Artist-Run Centres Coalition (MARCC)","https://aceart.org/","EN","admin@aceart.org","","-97.140358","49.9015497"
"ADA X","4001 rue Berri, #201","Montréal","Québec","H2L 4H2","514-845-7934","Media and Digital Arts, Publications and Publishing","Artists' Residencies, Exhibition Centre, Production Centre, Publisher","Independent Media Arts Alliance (IMAA), Regroupement des Centres d'Artistes Autogérés du Québec (RCAAQ)","https://www.ada-x.org/","EN/FR","info@ada-x.org","","-73.5741612","45.5216022"
"Agence Topo","5445 avenue De Gaspé, espace 608","Montréal","Québec","H2T 3B2","514-279-8676","Interdisciplinary, Media and Digital Arts, Performance and Live Arts","Artists' Residencies, Exhibition Centre, Production Centre","Independent Media Arts Alliance (IMAA), Regroupement des Centres d'Artistes Autogérés du Québec (RCAAQ)","https://topo.art/","FR","bonjour@topo.art","","-73.5958995","45.527071"
"AKA Artist-Run Centre","424 20th Street West","Saskatoon","Saskatchewan","S7M 0X4","306-652-0044","Media and Digital Arts, Performance and Live Arts, Publications and Publishing, Visual Arts","Artists' Residencies, Exhibition Centre, Publisher","Plains Artist-Run Centres Association (PARCA)","https://www.akaartistrun.com/","EN","info@akaartistrun.com","","-106.6759421","52.1264275"
"Arnica Artist Run Centre","7 Seymour Street West","Kamloops","British Columbia","V2C 1E4","-","Crafts, Film/Video, Media and Digital Arts, Performance and Live Arts, Printmaking, Publications and Publishing, Visual Arts","Exhibition Centre","Pacific Association of Artist-Run Centres (PAARC)","-","-","arnicaarc@gmail.com","","-120.3393963","50.6750825"
"Arprim, Centre D'essai en Art Imprimé","372 rue Sainte-Catherine Ouest, espace 426","Montréal","Québec","H3B 1A2","514-525-2621","Printmaking, Publications and Publishing","Exhibition Centre","Regroupement des Centres d'Artistes Autogérés du Québec (RCAAQ)","https://www.arprim.org/","FR","info@arprim.org","","-73.567163","45.5055686"
"Art City Inc","616 Broadway","Winnipeg","Manitoba","R3C 0W8","204-775-9856","Crafts, Film/Video, Interdisciplinary, Media and Digital Arts, Performance and Live Arts, Printmaking, Sound Art and Music, Visual Arts","Artists' Residencies, Production Centre","Manitoba Artist-Run Centres Coalition (MARCC)","https://artcityinc.com/","EN","eddie@artcityinc.com","","-97.1552432","49.885445"
"Art Gallery of Regina (AGR)","2420 Elphinstone Street","Regina","Saskatchewan","S4T 7S7","306-522-5940","Visual Arts","Exhibition Centre","Plains Artist-Run Centres Association (PARCA)","https://www.artgalleryofregina.ca/","EN","info@artgalleryofregina.ca","","-104.6330074","50.4404994"
"Artexte","2 rue Sainte-Catherine Est, local 301","Montréal","Québec","H2X 1K4","514-874-0049","Crafts, Film/Video, Interdisciplinary, Media and Digital Arts, Performance and Live Arts, Printmaking, Publications and Publishing, Sound Art and Music, Visual Arts","Exhibition Centre, Information Centre, Publisher","Regroupement des Centres d'Artistes Autogérés du Québec (RCAAQ)","https://artexte.ca/","FR","info@artexte.ca","","-73.5635819","45.5099144"
"Articule","6282 Saint-Hubert","Montréal","Québec","H2S 2M2","514-842-9686","Performance and Live Arts, Publications and Publishing, Visual Arts","Exhibition Centre","Regroupement des Centres d'Artistes Autogérés du Québec (RCAAQ)","https://www.articule.org/en/home","FR","info@articule.org","","-73.6011413","45.5351075"
"Arts Accessability Network Manitoba (AANM)","329 Cumberland Avenue, Unit 102","Winnipeg","Manitoba","R3B 1T2","204-336-2366","Crafts, Film/Video, Interdisciplinary, Media and Digital Arts, Performance and Live Arts, Printmaking, Publications and Publishing, Sound Art and Music, Visual Arts","Exhibition Centre, Information Centre","Manitoba Artist-Run Centres Coalition (MARCC)","https://aanm.ca/","EN","info@aanm.ca","","-97.1454395","49.8963794"
"Artspeak","233 Carrall Street","Vancouver","British Columbia","V6B 2J2","604-688-0051","Film/Video, Interdisciplinary, Media and Digital Arts, Performance and Live Arts, Publications and Publishing, Sound Art and Music, Visual Arts","Artists' Residencies, Distribution Centre, Exhibition Centre, Information Centre, Production Centre, Publisher","Pacific Association of Artist-Run Centres (PAARC)","https://www.artspeak.ca/","EN","office@artspeak.ca","","-123.1044668","49.2827902"
"ARTsPLACE Artist-Run Centre","396 St. George Street","Annapolis Royal","Nova Scotia","B0S 1A0","902-532-7069","Film/Video, Interdisciplinary, Media and Digital Arts, Performance and Live Arts, Sound Art and Music, Visual Arts","Artists' Residencies, Exhibition Centre","Association of Artist-Run Centres From the Atlantic (AARCA)","https://www.arcac.ca/","EN","artsplace@arcac.ca","","-65.5152083","44.7419424"
"Atelier Circulaire","5445 avenue De Gaspé, espace 105","Montréal","Québec","H2T 3B2","514-272-8874","Printmaking, Visual Arts","Artists' Residencies, Exhibition Centre, Production Centre","Regroupement des Centres d'Artistes Autogérés du Québec (RCAAQ)","https://ateliercirculaire.org/","FR","info@ateliercirculaire.org","","-73.5958995","45.527071"
"Atelier de l'Île","1289 rue Jean-Baptiste-Dufresne","Val-David","Québec","J0T 2N0","819-322-6359","Media and Digital Arts, Printmaking, Visual Arts","Artists' Residencies, Exhibition Centre, Production Centre, Publisher","Regroupement des Centres d'Artistes Autogérés du Québec (RCAAQ)","https://www.atelier.qc.ca/","FR","info@atelier.qc.ca","","-74.2059122","46.0297075"
"Atelier Graff","963 rue Rachel Est","Montréal","Québec","H2J 2J4","514-526-9851","","-","-","-","-","-","-","-73.5753339","45.5251259"
"Atelier Presse Papier","73, rue Saint-Antoine","Trois-Rivières","Québec","G9A 2J2","819-373-1980","Printmaking, Publications and Publishing, Visual Arts","Artists' Residencies, Exhibition Centre, Production Centre, Publisher","Regroupement des Centres d'Artistes Autogérés du Québec (RCAAQ)","https://www.pressepapier.net/","FR","presse.papier.atelier@cgocable.ca","","-72.5428485","46.3432325"
"Atelier Silex","1095, rue du Père-Frédéric","Trois-Rivières","Québec","G9A 3S5","819-379-0121","Performance and Live Arts, Visual Arts","Artists' Residencies, Exhibition Centre, Production Centre","Regroupement des Centres d'Artistes Autogérés du Québec (RCAAQ)","https://www.ateliersilex.org/","FR","info@ateliersilex.org","","-72.5428485","46.3432325"
"Ateliers D'Artistes TouTTouT","114, rue Bossé Ouest","Saguenay","Québec","G7J 1L4","418-543-5154","Film/Video, Interdisciplinary, Media and Digital Arts, Sound Art and Music, Visual Arts","Artists' Residencies, Production Centre","Regroupement des Centres d'Artistes Autogérés du Québec (RCAAQ)","-","FR","info@touttout.org","","-71.0646162","48.4289979"
"Atlantic Filmmakers Cooperative","1800 Argyle Street, Suite 303","Halifax","Nova Scotia","B3J 3N8","902-405-4474","Film/Video, Media and Digital Arts","Artists' Residencies, Exhibition Centre, Information Centre, Production Centre","Association of Artist-Run Centres From the Atlantic (AARCA), Independent Media Arts Alliance (IMAA)","https://afcoop.ca/","EN","erica@afcoop.ca","","-63.5767414","44.6482199"
"Atoll Art Actuel","150 Boulevard des Bois-Francs Nord","Victoriaville","Québec","G6P 1G1","819-758-9510","Crafts, Interdisciplinary, Media and Digital Arts, Performance and Live Arts, Sound Art and Music, Visual Arts","Artists' Residencies, Exhibition Centre","Regroupement des Centres d'Artistes Autogérés du Québec (RCAAQ)","https://www.atollartactuel.com/","FR","direction@atollartactuel.com","","-71.9559342","46.060527"
"ATSA","4430, rue Drolet","Montréal","Québec","H2W 2L8","514-844-9830","Interdisciplinary","Production Centre","Regroupement des Centres d'Artistes Autogérés du Québec (RCAAQ)","https://atsa.qc.ca/en/","FR","info@atsa.qc.ca","","-73.5698065","45.5031824"
"Axenéo7","80, rue Hanson","Gatineau","Québec","J8Y 3M5","819-771-2122","Film/Video, Interdisciplinary, Media and Digital Arts, Performance and Live Arts, Printmaking, Publications and Publishing, Sound Art and Music, Visual Arts","Artists' Residencies, Exhibition Centre","Regroupement des Centres d'Artistes Autogérés du Québec (RCAAQ)","https://axeneo7.qc.ca/","FR","axeneo7@axeneo7.qc.ca","","-75.707738","45.4646602"
"C2 Centre For Craft / Manitoba Craft Council","1–329 Cumberland Avenue","Winnipeg","Manitoba","R3B 1T2","204-615-3951","Crafts, Interdisciplinary, Visual Arts","Exhibition Centre, Information Centre","Manitoba Artist-Run Centres Coalition (MARCC)","https://c2centreforcraft.ca/","EN","mcc@c2centreforcraft.ca","","-97.154905","49.8989316"
"Centre Bang","132, rue Racine Est","Saguenay","Québec","G7H 5B5","418-543-2744","Interdisciplinary, Media and Digital Arts, Visual Arts","Artists' Residencies, Exhibition Centre, Information Centre","Regroupement des Centres d'Artistes Autogérés du Québec (RCAAQ)","https://centrebang.ca/","FR","information@centrebang.ca","","-71.0638774","48.4289197"
"Centre Des Arts Actuels Skol","372, rue Sainte Catherine Ouest, espace 314","Montréal","Québec","H3B 1A2","514-398-9322","Film/Video, Interdisciplinary, Media and Digital Arts, Performance and Live Arts, Publications and Publishing, Sound Art and Music, Visual Arts","Exhibition Centre","Regroupement des Centres d'Artistes Autogérés du Québec (RCAAQ)","https://skol.ca/en/","FR","skol@skol.ca","","-73.5672123","45.5057539"
"Centre D'Art et de Diffusion Clark","5455, avenue De Gaspé, local 114","Montréal","Québec","H2T 2A4","514-288-4972","Film/Video, Interdisciplinary, Media and Digital Arts, Printmaking, Publications and Publishing, Sound Art and Music, Visual Arts","Artists' Residencies, Exhibition Centre, Production Centre, Publisher","Regroupement des Centres d'Artistes Autogérés du Québec (RCAAQ)","https://centreclark.com/en/","FR","info@centreclark.com","","-73.5969039","45.5276306"
"Centre D'Artistes Caravansérail","274, avenue Michaud","Rimouski","Québec","G5L 6A2","418-722-0846","Interdisciplinary, Performance and Live Arts, Visual Arts","Exhibition Centre","Regroupement des Centres d'Artistes Autogérés du Québec (RCAAQ)","https://www.caravanserail.org/","FR","communication@caravanserail.org","","-68.529968","48.450155"
"Centre D'Artistes Le Lobe","114, rue Bossé","Saguenay","Québec","G7J 1L5","418-690-3182","Film/Video, Interdisciplinary, Media and Digital Arts, Performance and Live Arts, Publications and Publishing, Sound Art and Music, Visual Arts","Artists' Residencies, Exhibition Centre, Production Centre","Regroupement des Centres d'Artistes Autogérés du Québec (RCAAQ)","https://www.lelobe.com/","FR","info@lelobe.com","","-71.0646162","48.4289979"
"Centre D'Artistes Vaste et Vague","774, boulevard Perron","Carleton-sur-Mer","Québec","G0C 1J0","418-364-3123","Film/Video, Media and Digital Arts, Performance and Live Arts, Printmaking, Sound Art and Music, Visual Arts","Artists' Residencies, Exhibition Centre, Production Centre","Regroupement des Centres d'Artistes Autogérés du Québec (RCAAQ)","https://vasteetvague.ca/","FR","direction@vasteetvague.ca","","-66.1140521","48.101464"
"Centre for Art Tapes","2238 Maitland Street","Halifax","Nova Scotia","B3K 2Z9","902-422-6822","Film/Video, Media and Digital Arts, Sound Art and Music","Artists' Residencies, Production Centre","Association of Artist-Run Centres From the Atlantic (AARCA), Independent Media Arts Alliance (IMAA)","https://www.cfat.ca/","EN","executivedirector@cfat.ca","","-63.5840952","44.6531039"
"Centre Materia","395, boulevard Charest Est","Québec","Québec","G1K 3H3","418-524-0354","Crafts","Exhibition Centre, Publisher","Regroupement des Centres d'Artistes Autogérés du Québec (RCAAQ)","https://centremateria.com/","FR","info@mmaq.com","","-71.925051","46.113614"
"Centre Sagamie","50, rue Saint-Joseph, C. P. 517","Alma","Québec","G8B 5W1","418-662-7280","Printmaking, Publications and Publishing, Visual Arts","Artists' Residencies, Exhibition Centre, Production Centre, Publisher","Regroupement des Centres d'Artistes Autogérés du Québec (RCAAQ)","https://www.sagamie.com/en","FR","info@sagamie.com","","-71.651459","48.548887"
"Centre Turbine","4001, rue Berri #303","Montréal","Québec","H2L 4H2","514-606-8276","Film/Video, Interdisciplinary, Media and Digital Arts, Publications and Publishing, Sound Art and Music, Visual Arts","No Fixed Location, Production Centre","Independent Media Arts Alliance (IMAA), Regroupement des Centres d'Artistes Autogérés du Québec (RCAAQ)","https://centreturbine.org/","FR","info@centreturbine.org","","-73.5698065","45.5031824"
"CIRCA","372, rue Sainte-Catherine Ouest, local 444","Montréal","Québec","H3B 1A2","514-393-8248","Performance and Live Arts, Visual Arts","Exhibition Centre","Regroupement des Centres d'Artistes Autogérés du Québec (RCAAQ)","https://circa-art.com/en/home/","FR","circa@circa-art.com","","-73.5672123","45.5057539"
"Common Weal Community Arts INC.","#424 - 20th Street West","Saskatoon","Saskatchewan","S7M 0X4","1-306-380-4223","Interdisciplinary","Information Centre","Aboriginal Region, Plains Artist-Run Centres Association (PARCA)","https://www.commonweal.ca/","EN","drichardson@commonweal.ca","","-106.6759421","52.1264275"
"Daïmôn","78, rue Hanson","Gatineau","Québec","J8Y 3M5","819-770-8525","Film/Video, Interdisciplinary, Media and Digital Arts, Performance and Live Arts, Sound Art and Music","Artists' Residencies, Production Centre","Independent Media Arts Alliance (IMAA), Regroupement des Centres d'Artistes Autogérés du Québec (RCAAQ)","https://daimon.qc.ca/en/","FR/EN","info@daimon.qc.ca","","-75.710976","45.4277659"
"Dare-Dare Centre de Diffusion D'Art Multidisciplinaire de Montréal","2515, rue Delisle, local 311","Montréal","Québec","H3J 1K8","514-849-3273","Interdisciplinary, Performance and Live Arts, Sound Art and Music, Visual Arts","Artists' Residencies, No Fixed Location, Exhibition Centre","Regroupement des Centres d'Artistes Autogérés du Québec (RCAAQ)","https://www.dare-dare.org/en/","FR","comm@dare-dare.org","","-73.5698065","45.5031824"
"Dazibao","5455, avenue De Gaspé, espace 109","Montréal","Québec","H2T 3B3","514-845-0063","Film/Video, Media and Digital Arts, Publications and Publishing, Visual Arts","Artists' Residencies, Exhibition Centre, Publisher","Regroupement des Centres d'Artistes Autogérés du Québec (RCAAQ)","https://en.dazibao.art/","FR","info@dazibao.org","","-73.5969039","45.5276306"
"Diagonale","5455, avenue De Gaspé, espace 110","Montréal","Québec","H2T 3B3","514-524-6645","Interdisciplinary, Media and Digital Arts, Performance and Live Arts, Publications and Publishing, Sound Art and Music, Visual Arts","Exhibition Centre","Regroupement des Centres d'Artistes Autogérés du Québec (RCAAQ)","http://www.artdiagonale.org/","FR","administration@artdiagonale.org","","-73.5969039","45.5276306"
"Eastern Bloc","55 rue de Louvain Ouest, #53 & 480","Montréal","Québec","H2N 1A4","514-284-2106","Media and Digital Arts, Publications and Publishing, Sound Art and Music","Artists' Residencies, Exhibition Centre, Production Centre","Independent Media Arts Alliance (IMAA), Regroupement des Centres d'Artistes Autogérés du Québec (RCAAQ)","https://www.easternbloc.ca/","FR/EN","comm@easternbloc.ca","","-73.6557345","45.5444421"
"Eastern Edge Gallery","72 Harbour Drive, P.O. Box 2641, Station C","St. John's","Newfoundland and Labrador","A1C 6K1","709-739-1882","Crafts, Film/Video, Interdisciplinary, Media and Digital Arts, Performance and Live Arts, Printmaking, Sound Art and Music, Visual Arts","Artists' Residencies, Exhibition Centre, Information Centre","Association of Artist-Run Centres From the Atlantic (AARCA)","https://easternedge.ca/","EN","easternedgegallery@gmail.com","","-52.7057111","47.5644649"
"Engramme","501, rue Saint-Vallier Est","Québec","Québec","G1K 3P9","418-529-0972","Printmaking, Visual Arts","Artists' Residencies, Exhibition Centre, Production Centre","Regroupement des Centres d'Artistes Autogérés du Québec (RCAAQ)","https://engramme.ca/","FR","info@engramme.ca","","-71.2084061","46.8137431"
"Est-Nord-Est, Résidence D'Artistes","335, avenue De Gaspé Ouest","Saint-Jean-Port-Joli","Québec","G0R 3G0","418-598-6363","Film/Video, Interdisciplinary, Media and Digital Arts, Performance and Live Arts, Publications and Publishing, Sound Art and Music, Visual Arts","Artists' Residencies","Regroupement des Centres d'Artistes Autogérés du Québec (RCAAQ)","https://estnordest.org/","FR","info@estnordest.org","","-70.2692296","47.2144457"
"Exmuro Arts Publics","27, rue Notre-Dame","Québec","Québec","G1K 4E9","418-529-0909","Interdisciplinary, Visual Arts","No Fixed Location, Exhibition Centre","Regroupement des Centres d'Artistes Autogérés du Québec (RCAAQ)","https://exmuro.com/","FR","info@exmuro.com","","-72.6342189","45.3094845"
"Eyelevel Gallery","2482 Maynard St.","Halifax","Nova Scotia","B3K 3V4","902-425-6412","Interdisciplinary, Media and Digital Arts, Performance and Live Arts, Publications and Publishing, Sound Art and Music, Visual Arts","Artists' Residencies, No Fixed Location, Exhibition Centre, Publisher","Association of Artist-Run Centres From the Atlantic (AARCA)","http://eyelevel.art/","EN","sally@eyelevel.art","","-63.5911133","44.6546632"
"Fillip","305 Cambie Street","Vancouver","British Columbia","V6E 2N4","604-781-4417","Publications and Publishing, Visual Arts","Publisher","Pacific Association of Artist-Run Centres (PAARC)","https://fillip.ca/","EN","fillip@fillip.ca","","-123.1093554","49.2834423"
"Folie/Culture","261 rue Saint-Vallier Est","Québec","Québec","G1K 3P4","418-649-0999","Interdisciplinary, Publications and Publishing, Visual Arts","No Fixed Location, Exhibition Centre, Production Centre, Publisher","Regroupement des Centres d'Artistes Autogérés du Québec (RCAAQ)","https://folieculture.org/","FR","fc@folieculture.org","","-71.2240381","46.811879"
"Galerie B-312","372, rue Sainte-Catherine Ouest, espace 403","Montréal","Québec","H3B 1A2","514-874-9423","Film/Video, Interdisciplinary, Media and Digital Arts, Performance and Live Arts, Publications and Publishing, Sound Art and Music, Visual Arts","Exhibition Centre","Regroupement des Centres d'Artistes Autogérés du Québec (RCAAQ)","https://www.galerieb312.ca/","FR","info@galerieb312.ca","","-73.5672123","45.5057539"
"Galerie Sans Nom","140, rue Botsford, local 16 and 13","Moncton","New Brunswick","E1C 4X5","506-854-5381","Film/Video, Interdisciplinary, Media and Digital Arts, Performance and Live Arts, Printmaking, Publications and Publishing, Sound Art and Music, Visual Arts","Exhibition Centre","Association des Groupes en Arts Visuels Francophones (AGAVF), Association of Artist-Run Centres From the Atlantic (AARCA), Independent Media Arts Alliance (IMAA)","https://www.galeriesansnom.org/","FR/EN","info@galeriesansnom.org","","-64.8004265","46.0985679"
"Gallery Gachet","9 West Hastings Street","Vancouver","British Columbia","V6B 1G4","604-687-2468","Crafts, Film/Video, Interdisciplinary, Media and Digital Arts, Performance and Live Arts, Printmaking, Publications and Publishing, Sound Art and Music, Visual Arts","Exhibition Centre, Production Centre, Publisher","Independent Media Arts Alliance (IMAA), Pacific Association of Artist-Run Centres (PAARC)","https://gachet.org/","EN","contact@gachet.org","","-123.1050812","49.2817591"
"Groupe Intervention Vidéo","4001, rue Berri, local 105","Montréal","Québec","H2L 4H2","514-271-5506","Film/Video, Media and Digital Arts","Distribution Centre, Exhibition Centre, Production Centre","Independent Media Arts Alliance (IMAA), Regroupement des Centres d'Artistes Autogérés du Québec (RCAAQ)","https://www.givideo.org/","FR","info@givideo.org","","-73.5698065","45.5031824"
"Khyber Centre for The Arts","1880 Hollis St.","Halifax","Nova Scotia","B3J 1W6","902-817-6620","Visual Arts","","Association of Artist-Run Centres From the Atlantic (AARCA)","https://www.khyber.ca/","EN","info@khyber.ca","","-63.5742823","44.6500314"
"L'Imprimerie, Centre D'Artistes","3910, rue Sainte-Catherine, Est","Montréal","Québec","H1W 2G4","514-360-1244","Printmaking, Visual Arts","Artists' Residencies, Production Centre","Regroupement des Centres d'Artistes Autogérés du Québec (RCAAQ)","https://limprimerie.art/","FR/EN","art@limprimerie.art","","-73.5698065","45.5031824"
"La Bande Vidéo","541, rue Saint-Vallier Est, C. P. 2","Québec","Québec","G1K 3P9","418-522-5561","Media and Digital Arts","Artists' Residencies, Distribution Centre, Exhibition Centre, Information Centre, Production Centre","Independent Media Arts Alliance (IMAA), Regroupement des Centres d'Artistes Autogérés du Québec (RCAAQ)","http://labandevideo.com/","FR","adm@labandevideo.com","","-71.2084061","46.8137431"
"La Centrale Galeries Powerhouse","4296, boul. Saint-Laurent","Montréal","Québec","H2W 1Z3","514-871-0268","Crafts, Film/Video, Interdisciplinary, Media and Digital Arts, Performance and Live Arts, Printmaking, Publications and Publishing, Visual Arts","Artists' Residencies, Exhibition Centre, Information Centre","Regroupement des Centres d'Artistes Autogérés du Québec (RCAAQ)","https://www.lacentrale.org/","FR/EN","galerie@lacentrale.org","","-73.5698065","45.5031824"
"La Chambre Blanche","185, rue Christophe-Colomb Est","Québec","Québec","G1K 3S6","418-529-2715","Interdisciplinary, Media and Digital Arts, Visual Arts","Artists' Residencies, Distribution Centre, Exhibition Centre, Information Centre, Production Centre","Regroupement des Centres d'Artistes Autogérés du Québec (RCAAQ)","https://www.chambreblanche.qc.ca/","FR","info@chambreblanche.qc.ca","","-75.834958","45.3966321"
"La Maison Des Artistes Visuels Francophones INC. (MDA)","219, boulevard Provencher","Winnipeg","Manitoba","R2H 0G4","204-237-5964","Interdisciplinary, Performance and Live Arts, Visual Arts","Artists' Residencies, Exhibition Centre, Information Centre","Association des Groupes en Arts Visuels Francophones (AGAVF), Manitoba Artist-Run Centres Coalition (MARCC)","https://maisondesartistes.mb.ca/","FR","info@maisondesartistes.mb.ca","","-97.1384584","49.8955367"
"Language Plus","555, rue Collard, C. P. 518","Alma","Québec","G8B 1N1","418-668-6635","Film/Video, Interdisciplinary, Media and Digital Arts, Performance and Live Arts, Publications and Publishing, Sound Art and Music, Visual Arts","Artists' Residencies, Exhibition Centre","Regroupement des Centres d'Artistes Autogérés du Québec (RCAAQ)","https://www.langageplus.com/","FR","info@langageplus.com","","-71.651459","48.548887"
"Latitude 53","10130 – 100 Street","Edmonton","Alberta","T5J 0N8","780-423-5353","Interdisciplinary, Performance and Live Arts, Visual Arts","Exhibition Centre","Alberta Association of Artist-Run Centres (AAARC)","https://www.latitude53.org/","EN","info@latitude53.org","","-113.4905444","53.5419938"
"Le Lieu, Centre en Art Actuel - Les Éditions Intervention","345, rue du Pont","Québec","Québec","G1K 6M4","418-529-9680","Film/Video, Interdisciplinary, Media and Digital Arts, Performance and Live Arts, Publications and Publishing, Sound Art and Music, Visual Arts","Distribution Centre, Exhibition Centre, Information Centre, Publisher","Regroupement des Centres d'Artistes Autogérés du Québec (RCAAQ)","https://inter-lelieu.org/","FR","infos@inter-lelieu.org","","-74.268761","46.0564946"
"L'Écart - Lieu D'Art Actuel","167, avenue Murdoch, case postale 2273","Rouyn-Noranda","Québec","J9X 5A9","819-797-8738","Film/Video, Interdisciplinary, Media and Digital Arts, Performance and Live Arts, Printmaking, Publications and Publishing, Sound Art and Music, Visual Arts","Artists' Residencies, Exhibition Centre, Information Centre, Production Centre, Publisher","Regroupement des Centres d'Artistes Autogérés du Québec (RCAAQ)","https://lecart.org/fr/","FR","info@lecart.org","","-79.0205378","48.2420524"
"L’Œil de Poisson","541, rue Saint-Vallier Est","Québec","Québec","G1K 3P9","418-648-2975","Film/Video, Interdisciplinary, Media and Digital Arts, Performance and Live Arts, Printmaking, Publications and Publishing, Sound Art and Music, Visual Arts","Artists' Residencies, Distribution Centre, Exhibition Centre, Production Centre, Publisher","Regroupement des Centres d'Artistes Autogérés du Québec (RCAAQ)","https://oeildepoisson.com/","FR","info@oeildepoisson.com","","-71.2084061","46.8137431"
"Maison de L'Architecture du Québec","181, rue Saint-Antoine Ouest","Montréal","Québec","H2Z 1X8","514-868-6691","Architecture, Film/Video, Interdisciplinary, Media and Digital Arts, Performance and Live Arts, Publications and Publishing, Visual Arts","Exhibition Centre, Production Centre, Publisher","Regroupement des Centres d'Artistes Autogérés du Québec (RCAAQ)","https://maisondelarchitecture.ca/","FR","marchitectureduquebec@gmail.com","","-75.4019386","45.5479165"
"Malaspina Printmakers","1555 Duranleau Street","Vancouver","British Columbia","V6H 3S3","604-688-1724","Crafts, Film/Video, Interdisciplinary, Media and Digital Arts, Performance and Live Arts, Printmaking, Publications and Publishing, Sound Art and Music, Visual Arts","Distribution Centre, Exhibition Centre, Information Centre, Production Centre, Publisher","Pacific Association of Artist-Run Centres (PAARC)","https://www.malaspinaprintmakers.com/","EN","info@malaspinaprintmakers.com","","-123.1358202","49.2713854"
"Martha Street Studio / Manitoba Printmakers Association","11 Martha Street","Winnipeg","Manitoba","R3B 1A2","204-779-6253","Interdisciplinary, Printmaking, Publications and Publishing, Visual Arts","Exhibition Centre, Production Centre","Manitoba Artist-Run Centres Coalition (MARCC)","https://www.printmakers.mb.ca/","EN","askmartha@printmakers.mb.ca","","-97.1352109","49.900353"
"Mountain Standard Time Performative Art","#206A, 223 – 12th Ave SW","Calgary","Alberta","T2R 0G9","403-837-6678","Performance and Live Arts","Artists' Residencies, No Fixed Location, Exhibition Centre","Alberta Association of Artist-Run Centres (AAARC)","https://www.mountainstandardtime.org/","EN","info@mountainstandardtime.org","","-114.057541","51.0456064"
"Neutral Ground Artist Run Centre","1835 Scarth Street","Regina","Saskatchewan","S4P 2G9","306-522-7166","Film/Video, Interdisciplinary, Media and Digital Arts, Performance and Live Arts, Visual Arts","Exhibition Centre","Plains Artist-Run Centres Association (PARCA)","https://neutralground.sk.ca/","EN","program@neutralground.sk.ca","","-104.6104928","50.4496326"
"OBORO","4001, rue Berri, espace 301","Montréal","Québec","H2L 4H2","514-844-3250","Film/Video, Media and Digital Arts, Sound Art and Music, Visual Arts","Artists' Residencies, Exhibition Centre, Production Centre","Independent Media Arts Alliance (IMAA), Regroupement des Centres d'Artistes Autogérés du Québec (RCAAQ)","https://www.oboro.net/","FR","oboro@oboro.net","","-73.5698065","45.5031824"
"Occurence","5455, avenue De Gaspé, room 108","Montréal","Québec","H2T 3B3","514-907-4535","Film/Video, Media and Digital Arts, Publications and Publishing, Visual Arts","Exhibition Centre","Regroupement des Centres d'Artistes Autogérés du Québec (RCAAQ)","https://occurrence.ca/","FR","info@occurrence.ca","","-73.5969039","45.5276306"
"Open Space","510 Fort Street, 2nd floor","Victoria","British Columbia","V8W 1E6","250-383-8833","Film/Video, Interdisciplinary, Media and Digital Arts, Performance and Live Arts, Printmaking, Publications and Publishing, Sound Art and Music, Visual Arts","Artists' Residencies, Exhibition Centre, Production Centre, Publisher","Pacific Association of Artist-Run Centres (PAARC)","https://openspace.ca/","EN","openspace@openspace.ca","","-123.3691308","48.4252584"
"Optica, Centre D'Art Contemporain","5445, avenue de Gaspé, espace 106","Montréal","Québec","H2T 3B2","514-874-1666","Interdisciplinary, Publications and Publishing, Visual Arts","Artists' Residencies, Exhibition Centre, Information Centre, Publisher","Regroupement des Centres d'Artistes Autogérés du Québec (RCAAQ)","https://www.optica.ca/","FR","info@optica.ca","","-73.5737184","45.5520355"
"Or Gallery","236 Pender St East","Vancouver","British Columbia","V6A 1T7","604-683-7395","Interdisciplinary, Publications and Publishing, Visual Arts","Exhibition Centre, Publisher","Pacific Association of Artist-Run Centres (PAARC)","https://orgallery.org/","EN","or@orgallery.org","","-123.0987641","49.2801031"
"Other Sights For Artists' Projects Association","-","Vancouver","British Columbia","-","604-254-5598","Interdisciplinary, Media and Digital Arts, Publications and Publishing, Sound Art and Music, Visual Arts","No Fixed Location","Pacific Association of Artist-Run Centres (PAARC)","https://othersights.ca/","EN","sunshine@othersights.ca","","-123.113952","49.2608724"
"Oxygen Art Centre","3-320 Vernon Street","Nelson","British Columbia","V1L 4E4","250-352-6322","Crafts, Film/Video, Interdisciplinary, Media and Digital Arts, Performance and Live Arts, Printmaking, Publications and Publishing, Sound Art and Music, Visual Arts","Artists' Residencies, Exhibition Centre","Pacific Association of Artist-Run Centres (PAARC)","https://oxygenartcentre.org/","EN","info@oxygenartcentre.org","","-117.2983034","49.4913379"
"Panache Art Actuel","410, avenue Évangeline","Sept-Îles","Québec","G4R 2N5","418-218-1685","Visual Arts","No Fixed Location, Exhibition Centre","Regroupement des Centres d'Artistes Autogérés du Québec (RCAAQ)","https://www.panacheartactuel.com/","FR","info@panacheartactuel.com","","-66.3790642","50.2109579"
"Perte De Signal","5445, avenue De Gaspé, espace 107","Montréal","Québec","H2T 3B3","514-273-4813","Media and Digital Arts, Sound Art and Music","Artists' Residencies, Distribution Centre, Exhibition Centre, Information Centre","Regroupement des Centres d'Artistes Autogérés du Québec (RCAAQ)","https://perte-de-signal.org/","FR","info@perte-de-signal.org","","-73.5737184","45.5520355"
"Platform Centre for Photographic + Digital Arts","121-100 Arthur Street","Winnipeg","Manitoba","R3B 1H3","204-942-8183","Film/Video, Interdisciplinary, Media and Digital Arts, Publications and Publishing, Visual Arts","Exhibition Centre, Information Centre, Production Centre","Manitoba Artist-Run Centres Coalition (MARCC)","https://platformgallery.org/","EN","admin@platformgallery.org","","-97.140746","49.8976765"
"Praxis Art Actuel","37, rue Turgeon","Sainte-Thérèse","Québec","J7E 1X1","450-434-7648","Film/Video, Interdisciplinary, Media and Digital Arts, Performance and Live Arts, Visual Arts","Exhibition Centre","Regroupement des Centres d'Artistes Autogérés du Québec (RCAAQ)","-","FR","-","","-75.7505235","45.4219715"
"Productions Réalisations Indépendantes de Montréal - PRIM","2180, rue Fullum","Montréal","Québec","H2K 3N9","514-524-2421","Film/Video, Media and Digital Arts, Sound Art and Music","Artists' Residencies, Production Centre","Independent Media Arts Alliance (IMAA), Regroupement des Centres d'Artistes Autogérés du Québec (RCAAQ)","https://primcentre.org/","FR","info@primcentre.org","","-73.5698065","45.5031824"
"Project Space","2-236 East Pender Street","Vancouver","British Columbia","V6A 1T7","-","Interdisciplinary, Publications and Publishing, Visual Arts","Publisher","Pacific Association of Artist-Run Centres (PAARC)","-","-","-","","-123.0985279","49.2803706"
"Regart, Centre D'Artistes en Art Actuel","6018 Rue Saint-Laurent","Lévis","Québec","G6V 3P4","418-837-4099","Crafts, Film/Video, Interdisciplinary, Media and Digital Arts, Printmaking, Sound Art and Music, Visual Arts","Exhibition Centre","Regroupement des Centres d'Artistes Autogérés du Québec (RCAAQ)","https://www.centreregart.org/","FR","info@centreregart.org","","-71.1859075","46.8123013"
"Sans-Atelier","209 Avenue D South","Saskatoon","Saskatchewan","S7M 1P8","-","Crafts, Interdisciplinary, Media and Digital Arts, Performance and Live Arts, Publications and Publishing, Visual Arts","Production Centre","Association des Groupes en Arts Visuels Francophones (AGAVF)","https://sans-atelier.com/","FR","sans-atelier@gmail.com","","-106.675603","52.1275581"
"Spira","541, rue Saint-Vallier Est, 4e étage","Québec","Québec","G1K 3P9","418-523-1275","Media and Digital Arts, Visual Arts","Artists' Residencies, Production Centre","Independent Media Arts Alliance (IMAA), Regroupement des Centres d'Artistes Autogérés du Québec (RCAAQ)","https://www.spira.quebec/","FR","info@spira.quebec","","-71.2084061","46.8137431"
"Sporobole","74, rue Albert","Sherbrooke","Québec","J1H 1M9","819-821-2326","Interdisciplinary, Media and Digital Arts, Sound Art and Music, Visual Arts","Artists' Residencies, Exhibition Centre, Production Centre","Regroupement des Centres d'Artistes Autogérés du Québec (RCAAQ)","https://sporobole.org/","FR","info@sporobole.org","","-71.889038","45.403271"
"St. Michael's Printshop","72 Harbour Drive, 2nd Floor, P.O. Box 193, Station C","St. John's","Newfoundland and Labrador","A1C 5J2","709-754-2931","Interdisciplinary, Printmaking, Visual Arts","Artists' Residencies, Exhibition Centre, Information Centre, Production Centre","Association of Artist-Run Centres From the Atlantic (AARCA)","https://www.stmichaelsprintshop.com/","EN","stmichaelsprintshop@gmail.com","","-52.7057111","47.5644649"
"Stride Gallery","625 11 Avenue SW, Unit 220","Calgary","Alberta","T2R 0E1","403-262-8507","Crafts, Film/Video, Interdisciplinary, Media and Digital Arts, Performance and Live Arts, Publications and Publishing, Sound Art and Music, Visual Arts","Exhibition Centre","Alberta Association of Artist-Run Centres (AAARC)","https://www.stride.ab.ca/","EN","EVA@STRIDE.AB.CA","","-114.075425","51.0424986"
"Struts Gallery & Faucet Media Arts Centre","7 Lorne Street","Sackville","New Brunswick","E4L 3Z6","506-536-1211","Crafts, Film/Video, Interdisciplinary, Media and Digital Arts, Performance and Live Arts, Printmaking, Publications and Publishing, Sound Art and Music, Visual Arts","Artists' Residencies, Exhibition Centre, Information Centre, Production Centre","Association of Artist-Run Centres From the Atlantic (AARCA), Independent Media Arts Alliance (IMAA)","https://www.strutsgallery.ca/","EN","info@strutsgallery.ca","","-64.3666768","45.8967213"
"The Arbour Collective","31-1595 Summit Drive","Kamloops","British Columbia","V2E 1E9","778-471-1184","Crafts, Film/Video, Interdisciplinary, Media and Digital Arts, Performance and Live Arts, Printmaking, Publications and Publishing, Sound Art and Music, Visual Arts","Artists' Residencies, No Fixed Location","Aboriginal Region, Pacific Association of Artist-Run Centres (PAARC)","-","-","-","","-120.3401404","50.6561529"
"The Indigenous Peoples' Artist Collective of Prince Albert INC. (IPAC)","1010 Central Avenue","Prince Albert","Saskatchewan","S6V 4V5","306-763-8023","Crafts, Film/Video, Interdisciplinary, Media and Digital Arts, Performance and Live Arts, Sound Art and Music, Visual Arts","Artists' Residencies, No Fixed Location, Distribution Centre, Exhibition Centre, Information Centre, Production Centre","Aboriginal Region, Plains Artist-Run Centres Association (PARCA)","-","-","-","","-105.7537847","53.2037045"
"The New Gallery","208 Centre Street S","Calgary","Alberta","T2G 2B6","403-233-2399","Crafts, Film/Video, Interdisciplinary, Media and Digital Arts, Performance and Live Arts, Printmaking, Publications and Publishing, Sound Art and Music, Visual Arts","Artists' Residencies, Exhibition Centre, Information Centre, Production Centre, Publisher","Alberta Association of Artist-Run Centres (AAARC)","https://thenewgallery.org/","EN","info@TheNewGallery.org","","-114.0626697","51.0507531"
"This Town is Small INC.","115 Richmond Street","Charlottetown","Prince Edward Island","C1A 1H7","902-314-0772","Interdisciplinary, Visual Arts","Artists' Residencies, No Fixed Location, Exhibition Centre, Production Centre","Association of Artist-Run Centres From the Atlantic (AARCA)","https://www.thistownissmall.com/","EN","info@thistownissmall.com","","-63.1275","46.2334689"
"Trap\Door Artist Run Centre","-","Lethbridge","Alberta","-","-","Film/Video, Interdisciplinary, Media and Digital Arts, Performance and Live Arts, Printmaking, Visual Arts","No Fixed Location","Alberta Association of Artist-Run Centres (AAARC)","https://trapdoorarc.org/","EN","trapdoorlethbridge@gmail.com","","-112.8331033","49.6945782"
"UNIT/PITT","2954 West 4th Ave","Vancouver","British Columbia","V6K1R4","604-974-8689","Interdisciplinary, Media and Digital Arts, Performance and Live Arts, Publications and Publishing, Sound Art and Music, Visual Arts","Exhibition Centre, Publisher","Pacific Association of Artist-Run Centres (PAARC)","https://www.unitpitt.ca/","EN","info@unitpitt.ca","","-123.1714674","49.2681413"
"VASA Gallery and Studios","25 Sir Winston Churchill Ave","St. Albert","Alberta","T8N 2S7","780-460-5990","Interdisciplinary, Visual Arts","Exhibition Centre, Production Centre","Alberta Association of Artist-Run Centres (AAARC)","https://vasa-art.com/","EN","-","","-113.6284635","53.6303171"
"Verticale - Centre D'Artistes","412 - 397, boulevard des Prairies Ouest","Laval","Québec","H7N 2W6","450-934-6042","Crafts, Film/Video, Interdisciplinary, Media and Digital Arts, Performance and Live Arts, Printmaking, Publications and Publishing, Sound Art and Music","Artists' Residencies, No Fixed Location, Exhibition Centre, Production Centre, Publisher","Regroupement des Centres d'Artistes Autogérés du Québec (RCAAQ)","https://verticale.ca/","FR","info@verticale.ca","","-73.7100119","45.545857"
"Vidéo Femmes","291, rue Saint-Vallier Est, bureau 103","Québec","Québec","G1K 3P5","418-529-9188","Film/Video","Artists' Residencies, Distribution Centre, Exhibition Centre, Production Centre","Independent Media Arts Alliance (IMAA), Regroupement des Centres d'Artistes Autogérés du Québec (RCAAQ)","-","-","-","","-74.533456","46.112691"
"Video Pool Media Arts Centre","221-100 Arthur Street","Winnipeg","Manitoba","R3B 1H3","204-949-9134","Film/Video, Interdisciplinary, Media and Digital Arts, Sound Art and Music","Distribution Centre, Exhibition Centre, Production Centre","Independent Media Arts Alliance (IMAA), Manitoba Artist-Run Centres Coalition (MARCC)","https://videopool.org/","EN","info@videopool.org","","-97.140746","49.8976765"
"Vidéographe","4550 rue Garnier","Montréal","Québec","H2J 3S7","514-521-2116","Film/Video, Media and Digital Arts","Artists' Residencies, Distribution Centre, Exhibition Centre, Production Centre","Independent Media Arts Alliance (IMAA), Regroupement des Centres d'Artistes Autogérés du Québec (RCAAQ)","https://www.videographe.org/","FR","info@videographe.org","","-73.5775809","45.5311577"
"VIVA! Art Action","-","Montréal","Québec","-","-","Performance and Live Arts","No Fixed Location, Exhibition Centre","Regroupement des Centres d'Artistes Autogérés du Québec (RCAAQ)","https://vivamontreal.org/","FR","info@vivamontreal.org","","-73.5698065","45.5031824"
"VIVO Media Arts Centre","2625 Kaslo Street","Vancouver","British Columbia","V5M 3G9","604-872-8337","Film/Video, Media and Digital Arts, Performance and Live Arts, Sound Art and Music, Visual Arts","Artists' Residencies, Distribution Centre, Exhibition Centre, Information Centre, Production Centre","Independent Media Arts Alliance (IMAA), Pacific Association of Artist-Run Centres (PAARC)","https://www.vivomediaarts.com/","EN","info@vivomediaarts.com","","-123.0470862","49.2527814"
"Void Gallery","312 Avenue B South","Saskatoon","Saskatchewan","S7M 1M6","306-850-6545","Interdisciplinary, Printmaking, Publications and Publishing, Visual Arts","Artists' Residencies, Production Centre, Publisher","Plains Artist-Run Centres Association (PARCA)","-","EN","-","","-106.6715957","52.1255665"
"VOX, Centre de L'Image Contemporaine","2, rue Sainte-Catherine Est, 4th floor","Montréal","Québec","H2X 1K4","514-390-0382","Film/Video, Interdisciplinary, Media and Digital Arts, Publications and Publishing","Exhibition Centre","Regroupement des Centres d'Artistes Autogérés du Québec (RCAAQ)","https://centrevox.ca/","FR/EN","info@centrevox.ca","","-73.5634264","45.5099901"
"VU, Centre de Diffusion et de Production de la Photographie","580, Côte d’Abraham","Québec","Québec","G1K 3P9","418-640-2585","Film/Video, Printmaking, Publications and Publishing, Visual Arts","Artists' Residencies, Exhibition Centre, Publisher","Regroupement des Centres d'Artistes Autogérés du Québec (RCAAQ)","https://vuphoto.org/fr/","FR","info@vuphoto.org","","-71.2084061","46.8137431"
"Western Front Society","303 East 8th Avenue","Vancouver","British Columbia","V5T 1S1","604-876-9343","Crafts, Film/Video, Interdisciplinary, Media and Digital Arts, Performance and Live Arts, Sound Art and Music, Visual Arts","Artists' Residencies, Exhibition Centre, Production Centre","Independent Media Arts Alliance (IMAA), Pacific Association of Artist-Run Centres (PAARC)","https://westernfront.ca/","EN","info@westernfront.ca","","-123.0986846","49.2638614"
"Winnipeg Film Group","304-100 Arthur Street","Winnipeg","Manitoba","R3B 1H3","204-925-3456","Film/Video, Media and Digital Arts, Performance and Live Arts, Sound Art and Music","Distribution Centre, Exhibition Centre, Production Centre","Independent Media Arts Alliance (IMAA), Manitoba Artist-Run Centres Coalition (MARCC)","https://www.winnipegfilmgroup.com/","EN","info@winnipegfilmgroup.com","","-97.140746","49.8976765"
"Xchanges Artists' Gallery and Studios","2333 Government Street, Suite 6E","Victoria","British Columbia","V8T 4P4","1-250-382-0442","Crafts, Media and Digital Arts, Visual Arts","Artists' Residencies, Exhibition Centre, Information Centre, Production Centre","Pacific Association of Artist-Run Centres (PAARC)","info@xchangesgallery.org","EN","http://www.xchangesgallery.org","","-123.3664526","48.4347074"
"Yellowknife Artist Run Community Centre","4913 50th Street","Yellowknife","Northwest Territories","X1A3X7","867-446-9099","Interdisciplinary, Visual Arts","Artists' Residencies, Exhibition Centre","Alberta Association of Artist-Run Centres (AAARC)","https://ykarcc.wordpress.com/","EN","ykarcc@gmail.com","","-114.3728786","62.4548032"
"Zocalo, Centre D'Artistes en Art Imprimé","80, rue Saint-Jean","Longueuil","Québec","J4H 2W9","450-679-5341","Printmaking, Publications and Publishing, Visual Arts","Artists' Residencies, Exhibition Centre, Production Centre","Regroupement des Centres d'Artistes Autogérés du Québec (RCAAQ)","https://zocaloweb.org/","FR","info@zocaloweb.org","","-73.4644578","45.521906"
"221A Artist-Run Society","700-825 Pacific St.","Vancouver","British Columbia","V6Z 1C3","604-568-0812","Film/Video, Interdisciplinary, Media and Digital Arts, Performance and Live Arts, Publications and Publishing, Visual Arts","Artists' Residencies, Exhibition Centre, Publisher","Pacific Association of Artist-Run Centres (PAARC)","https://221a.ca/","EN","hello@221a.ca","","-123.10108114917603","49.268556187629954"
"AdMare Centre D'Artistes en Art Actuel des Îles-De-La-Madelaine","1349-1 chemin de Lavernière","L'Étang-du-Nord","Québec","G4T 3G1","418-986-3083","Visual Arts","Artists' Residencies, Publisher","Regroupement des Centres d'Artistes Autogérés du Québec (RCAAQ)","https://www.admare.org/","FR","laurene@admare.org","","-61.90853248456755","47.37138274530913"
"Alberta Printmakers","4025 4th Street Southeast","Calgary","Alberta","T2G 2W4","403-287-1056","Interdisciplinary, Media and Digital Arts, Performance and Live Arts, Printmaking, Visual Arts","Artists' Residencies, Exhibition Centre, Production Centre","Alberta Association of Artist-Run Centres (AAARC)","https://albertaprintmakers.com/","EN","director@albertaprintmakers.ca","","-114.0527126439642","51.017510558993536"
"Art Metropole","896 College St","Toronto","Ontaria","M6H 1A4","416-703-4400","Film/Video, Media and Digital Arts, Performance and Live Arts, Printmaking, Publications and Publishing, Sound Art and Music, Visual Arts","Distribution Centre, Exhibition Centre, Information Centre, Publisher","Artist-Run Centres & Collectives of Ontario (ARCCO)","https://artmetropole.com/","EN","info@artmetropole.com","","-79.42564241801256","43.65407924668184"
"Artcite Inc","109 University Avenue West","Windsor","Ontaria","N9A 5P4","519-977-6564","Crafts, Film/Video, Interdisciplinary, Media and Digital Arts, Performance and Live Arts, Printmaking, Publications and Publishing, Sound Art and Music, Visual Arts","Artists' Residencies, Exhibition Centre, Information Centre, Publisher","Artist-Run Centres & Collectives of Ontario (ARCCO)","-","-","-","","-83.04019847436993","42.31764478867348"
"ArtsSpace","3-378 Aylmer Street North","Peterborough","Ontaria","K9J 7X6","705-748-3883","Film/Video, Interdisciplinary, Media and Digital Arts, Performance and Live Arts, Publications and Publishing, Sound Art and Music, Visual Arts","Exhibition Centre","Artist-Run Centres & Collectives of Ontario (ARCCO)","artspace-arc.org","EN","gallery@artspaceptbo.ca","","-78.32314584497759","44.30532039474567"
"Atelier D'estampe Imago Inc","Centre culturel Aberdeen, 140, rue Botsford, local 17","Moncton","New Brunswick","E1C 4X5","506-388-1431","Media and Digital Arts, Printmaking","Artists' Residencies, Production Centre","Association des Groupes en Arts Visuels Francophones (AGAVF), Association of Artist-Run Centres From the Atlantic (AARCA)","https://www.atelierimago.com/","FR","direction@atelierimago.com","","-64.77792458170032","46.09342415753265"
"Available Light Screening Collective","2 Daly Avenue, Suite 121","Ottawa","Ontaria","K1N 6E2","613-883-1801","Film/Video","No Fixed Location","Artist-Run Centres & Collectives of Ontario (ARCCO), Independent Media Arts Alliance (IMAA)","-","EN","availablelightcollective@gmail.com","","-75.68864559271157","45.42544936931015"
"Avatar","541 de Saint-Vallier Est, espace 5-62","Québec","Québec","G1K 3P9","418-522-8918","Media and Digital Arts, Publications and Publishing, Sound Art and Music","Artists' Residencies, Distribution Centre, Exhibition Centre, Production Centre","Independent Media Arts Alliance (IMAA), Regroupement des Centres d'Artistes Autogérés du Québec (RCAAQ)","https://avatarquebec.org/en/home/","FR","direction@avatarquebec.org","","-71.2212437209731","46.81287261277676"
"CAFKA - Contemporary Art Forum Kitchener and Area","141 Whitney Place, Studio 7","Kitchener","Ontaria","N2G 2X8","519-744-5123","Visual Arts","No Fixed Location","Artist-Run Centres & Collectives of Ontario (ARCCO)","https://www.cafka.org/","EN","cafka@cafka.org","","-80.48841645984027","43.44129648475911"
"Centre3 for Print and Media Arts","173 James Street North","Hamilton","Ontaria","L8R 2K9","905-524-5084","Media and Digital Arts, Printmaking","Exhibition Centre, Production Centre","Artist-Run Centres & Collectives of Ontario (ARCCO)","https://centre3.com/","EN","info@centre3.com","","-79.86731296462044","43.26121930401962"
"Charles Street Video","76 Geary Ave","Toronto","Ontaria","M6H 2B5","416-603-6564","Film/Video","Artists' Residencies, Production Centre","Artist-Run Centres & Collectives of Ontario (ARCCO), Independent Media Arts Alliance (IMAA)","https://charlesstreetvideo.com","EN","csv@charlesstreetvideo.com","","-79.4329538735275","43.670958878779196"
"Cineworks Independent Filmmakers' Society","300-1131 Howe Street","Vancouver","British Columbia","V6Z 2L7","604-685-3841","Film/Video, Media and Digital Arts","Artists' Residencies, Exhibition Centre, Production Centre","Independent Media Arts Alliance (IMAA), Pacific Association of Artist-Run Centres (PAARC)","https://www.cineworks.ca/","EN","info@cineworks.ca","","-123.12663142598598","49.27873637672724"
"Connexion ARC (Artist-Run Centre for Contemporary Art)","732 Charlotte Street - Room 133 (Level 1)","Fredericton","New Brunswick","E3B 1C2","1-506-262-1367","Visual Arts","Artists' Residencies, Exhibition Centre","Association of Artist-Run Centres From the Atlantic (AARCA)","https://connexionarc.org/","EN","director@connexionarc.org","","-66.63919494040991","45.95593667798666"
"Definitely Superior Artist-Run Centre + Gallery","115 Cumberland Street North, P.O. Box 21015, Grandview Mall","Thunder Bay","Ontaria","P7A 4K9","1-807-344-3814","Film/Video, Interdisciplinary, Media and Digital Arts, Performance and Live Arts, Printmaking, Publications and Publishing, Sound Art and Music, Visual Arts","Exhibition Centre, Information Centre, Production Centre, Publisher","Artist-Run Centres & Collectives of Ontario (ARCCO)","http://www.definitelysuperior.com/","EN","defsup@tbaytel.net","","-89.21540964832201","48.43848124911554"
"Digital Arts Resource Centre","67 Nicholas Street","Ottawa","Ontaria","K1N 7B9","613-238-7648","Media and Digital Arts","Production Centre","Artist-Run Centres & Collectives of Ontario (ARCCO), Independent Media Arts Alliance (IMAA)","https://digitalartsresourcecentre.ca/","EN","admin@digitalartsresourcecentre.ca","","-75.68868361878238","45.42522575063477"
"Ed Video Media Arts Centre","46 Essex Street","Guelph","Ontaria","N1H 3K8","519-836-9811","Film/Video, Media and Digital Arts","Exhibition Centre, Production Centre","Artist-Run Centres & Collectives of Ontario (ARCCO), Independent Media Arts Alliance (IMAA)","https://edvideo.org/","EN","sarafina@edvideo.org","","-80.24921610387791","43.540741110001186"
"Espace F","102-520, avenue Saint-Jérôme","Matane","Québec","G4W 3B5","418-562-8661","Media and Digital Arts, Visual Arts","Exhibition Centre, Production Centre","Regroupement des Centres d'Artistes Autogérés du Québec (RCAAQ)","https://espacesf.org/","FR","info@espacesf.org","","-67.52977670001303","48.84857684408474"
"Factory Media Centre","1-366 Victoria Avenue North","Hamilton","Ontaria","L8L 5G6","905-577-9191","Film/Video, Media and Digital Arts","Exhibition Centre, Information Centre","Artist-Run Centres & Collectives of Ontario (ARCCO), Independent Media Arts Alliance (IMAA)","https://www.factorymediacentre.ca/","EN","info@factorymediacentre.ca","","-79.85168711802638","43.26399787804866"
"FADO Performance INC. (FADO Performance Art Centre)","445-401 Richmond Street West","Toronto","Ontaria","M5V 3A8","416-822-3219","Performance and Live Arts","No Fixed Location","Artist-Run Centres & Collectives of Ontario (ARCCO)","https://performanceart.ca/","EN","info@performanceart.ca","","-79.39506825370898","43.64764015633532"
"Forest City Gallery","1025 Elias Street","London","Ontaria","N5W 3P6","226-289-4025","Crafts, Film/Video, Interdisciplinary, Media and Digital Arts, Performance and Live Arts, Printmaking, Sound Art and Music, Visual Arts","Exhibition Centre","Artist-Run Centres & Collectives of Ontario (ARCCO)","https://www.forestcitygallery.com/","EN","info@forestcitygallery.com","","-81.21691463793701","42.99847678714609"
"Galerie du Nouvel-Ontario","27, rue Larch","Sudbury","Ontaria","P3E 1B7","705-673-4927","Crafts, Film/Video, Interdisciplinary, Media and Digital Arts, Performance and Live Arts, Publications and Publishing, Publications and Publishing, Sound Art and Music, Visual Arts","Artists' Residencies, Exhibition Centre","Artist-Run Centres & Collectives of Ontario (ARCCO), Association des Groupes en Arts Visuels Francophones (AGAVF)","https://gn-o.org/","FR/EN","info@gn-o.org","","-80.99547485839102","46.49136255895496"
"Gallery 101/Gallerie 101 - Arists' Centre D'Artistes INC. (G101)","280 Catherine Street","Ottawa","Ontaria","K1R 5T3","613-230-2799","Film/Video, Interdisciplinary, Media and Digital Arts, Performance and Live Arts, Printmaking, Publications and Publishing, Sound Art and Music, Visual Arts","Artists' Residencies, Exhibition Centre","Artist-Run Centres & Collectives of Ontario (ARCCO), Independent Media Arts Alliance (IMAA)","https://g101.ca/","FR/EN","office@g101.ca","","-75.69466844678419","45.408243353974996"
"Gallery 1313","1313 Queen Street West","Toronto","Ontaria","M6K 1L8","416-536-6778","Film/Video, Media and Digital Arts, Visual Arts","Exhibition Centre, Information Centre","Artist-Run Centres & Collectives of Ontario (ARCCO)","https://gallery1313.org/","EN","director@g1313.org","","-79.43347846034251","43.641272504584464"
"Gallery 44","120-401 Richmond Street West","Toronto","Ontaria","M5V 3A8","416-979-3941","Visual Arts","Exhibition Centre, Production Centre","Artist-Run Centres & Collectives of Ontario (ARCCO)","https://www.gallery44.org/","EN","alana@gallery44.org","","-79.39457914500107","43.64801192769348"
"Gallery TPW","170 St Helens Avenue","Toronto","Ontaria","M6H 4A1","416-645-1066","Interdisciplinary, Media and Digital Arts, Performance and Live Arts, Visual Arts","Exhibition Centre","Artist-Run Centres & Collectives of Ontario (ARCCO)","https://www.gallerytpw.ca/","EN","info@gallerytpw.ca","","-79.44263266218898","43.65414709672453"
"Grunt Gallery","116-350 East 2nd Avenue","Vancouver","British Columbia","V5T 4R8","604-875-9516","Film/Video, Interdisciplinary, Media and Digital Arts, Performance and Live Arts, Printmaking, Publications and Publishing, Visual Arts","Exhibition Centre, Information Centre, Publisher","Pacific Association of Artist-Run Centres (PAARC)","https://grunt.ca/","EN","arlo@grunt.ca","","-123.09709274478942","49.26701098845296"
"Hamilton Artists INC.","155 James Street North","Hamilton","Ontaria","L8P 4W9","905-529-3355","Crafts, Film/Video, Interdisciplinary, Media and Digital Arts, Performance and Live Arts, Printmaking, Publications and Publishing, Sound Art and Music, Visual Arts","Exhibition Centre, Information Centre, Publisher","Artist-Run Centres & Collectives of Ontario (ARCCO)","https://www.theinc.ca/","EN","info@theinc.ca","","-79.8674763296737","43.26105500806238"
"Harcourt House Artist Run Centre","10215 112th Street, 3rd Floor","Edmonton","Alberta","T5K 1M7","780-426-4180","Film/Video, Interdisciplinary, Media and Digital Arts, Performance and Live Arts, Sound Art and Music, Visual Arts","Artists' Residencies, Exhibition Centre","Alberta Association of Artist-Run Centres (AAARC)","https://harcourthouse.ab.ca/","EN","info@harcourthouse.ab.ca","","-113.5136683734488","53.543416499816026"
"ImagineNATIVE Film + Media Arts Festival","401 Richmond Street West, Suite 446","Toronto","Ontaria","M5V 3A8","416-585-2333","Film/Video, Media and Digital Arts","Information Centre","Artist-Run Centres & Collectives of Ontario (ARCCO), Independent Media Arts Alliance (IMAA)","https://imaginenative.org/","EN","info@imagineNATIVE.org","","-79.39492131616583","43.64791631122125"
"Indigenous Curatorial Collective/Collectif Des Commisairs Autochtones","264 – 401 Richmond Street West","Toronto","Ontaria","M5V 3A8","-","Visual Arts","Information Centre","Aboriginal Region","https://icca.art","EN","info@icca.art","","-79.39461021777488","43.6483738547911"
"Le Centre D'Artistes Voix Visuelle","67, avenue Beechwood, 2e étage","Ottawa","Ontaria","K1M 1L8","613-748-6954","Media and Digital Arts, Printmaking, Visual Arts","Exhibition Centre","Artist-Run Centres & Collectives of Ontario (ARCCO), Association des Groupes en Arts Visuels Francophones (AGAVF)","https://voixvisuelle.ca/fr/","FR/EN","-","","-75.66001873328896","45.43729038044352"
"Le Laboratoire D'Art - Le Labo INC.","277-401 Richmond Street West","Toronto","Ontaria","M5V 3A8","(647) 352-4411","Film/Video, Interdisciplinary, Media and Digital Arts, Sound Art and Music","Exhibition Centre, Production Centre","Artist-Run Centres & Collectives of Ontario (ARCCO), Association des Groupes en Arts Visuels Francophones (AGAVF), Independent Media Arts Alliance (IMAA)","http://lelabo.ca/fr/","FR/EN","info@lelabo.ca","","-79.39506980267167","43.6478029649467"
"Livedspace","700-825 Pacific St.","Vancouver","British Columbia","V6Z 1C3","604-537-1636","Crafts, Film/Video, Interdisciplinary, Media and Digital Arts, Performance and Live Arts, Printmaking, Publications and Publishing, Sound Art and Music, Visual Arts","Publisher","Pacific Association of Artist-Run Centres (PAARC)","-","EN","livedspace@livedspace.org","","-123.1305774571775","49.27636468237051"
"L'Atelier D'Estampe la Manivelle et le Trécarré (Le Conseil des Arts de la Baie)","Université Sainte-Anne, boîte 232, 1695, Route 1","Pointe-de-l'Église","Nova Scotia","B0W 1M0","902-769-2114","Printmaking, Visual Arts","Artists' Residencies, Exhibition Centre, Production Centre","Association des Groupes en Arts Visuels Francophones (AGAVF), Association of Artist-Run Centres From the Atlantic (AARCA)","https://artdelabaie.blogspot.com/","FR","cab@usainteanne.ca","","-66.11793937401366","44.33098038010231"
"Mentoring Artists for Women's Art (MAWA)","203 - 329 Cumberland Ave","Winnipeg","Manitoba","R3B 1T2","204-949-9490","Crafts, Film/Video, Interdisciplinary, Media and Digital Arts, Performance and Live Arts, Printmaking, Publications and Publishing, Sound Art and Music, Visual Arts","Artists' Residencies, Exhibition Centre, Information Centre, Production Centre","Manitoba Artist-Run Centres Coalition (MARCC)","https://mawa.ca/","EN","info@mawa.ca","","-97.14541251777597","49.896466639647656"
"Mercer Union, A Centre for Contemporary Art","1286 Bloor Street West","Toronto","Ontaria","M6H 1N9","416-536-1519","Film/Video, Interdisciplinary, Media and Digital Arts, Performance and Live Arts, Publications and Publishing, Sound Art and Music, Visual Arts","Exhibition Centre","Artist-Run Centres & Collectives of Ontario (ARCCO)","https://www.mercerunion.org/","EN","office@mercerunion.org","","-79.44201896034185","43.65890604757986"
"Ministry of Casual Living","780 Blanshard S","Victoria","British Columbia","V8W 2H1","-","Interdisciplinary, Visual Arts","No Fixed Location, Exhibition Centre, Production Centre","Pacific Association of Artist-Run Centres (PAARC)","https://ministryofcasualliving.ca/","EN","ministryofcasualliving@gmail.com","","-123.36339314297582","48.42187395436318"
"Modern Fuel Artist-Run Centre","#305-370 King St. W","Kingston","Ontaria","K7L 2X4","613-548-4883","Film/Video, Interdisciplinary, Media and Digital Arts, Performance and Live Arts, Publications and Publishing, Sound Art and Music, Visual Arts","Distribution Centre, Exhibition Centre, Information Centre, Production Centre","Artist-Run Centres & Collectives of Ontario (ARCCO)","https://www.modernfuel.org/","EN","director@modernfuel.org","","-76.50597188915692","44.22086820456915"
"Near North Mobile Media Lab","141 Main Street West","North Bay","Ontaria","P1B 1A8","705-845-9491","Film/Video, Media and Digital Arts","Production Centre","Artist-Run Centres & Collectives of Ontario (ARCCO), Independent Media Arts Alliance (IMAA)","https://www.n2m2l.ca/","EN","mobilemedialab@gmail.com","","-79.46375956218812","46.3103644861235"
"Niagara Artists Centre","354 St. Paul Street","St. Catherines","Ontaria","L2R 3N2","905-641-0331","Film/Video, Interdisciplinary, Media and Digital Arts, Performance and Live Arts, Printmaking, Publications and Publishing, Sound Art and Music, Visual Arts","Exhibition Centre, Production Centre","Artist-Run Centres & Collectives of Ontario (ARCCO)","https://nac.org/","EN","artists@nac.org","","-79.24146746035943","43.16026384067109"
"Okanagan Artists Alternative Association (Alternator Centre for Contemporary Art)","103-421 Cawston Avenue","Kelowna","British Columbia","V1Y 6Z1","250-868-2298","Interdisciplinary, Media and Digital Arts, Sound Art and Music, Visual Arts","Exhibition Centre","Independent Media Arts Alliance (IMAA), Pacific Association of Artist-Run Centres (PAARC)","https://www.alternatorcentre.com/","EN","info@alternatorcentre.com","","-119.49502672339734","49.89172089959336"
"On Main Gallery (On The Cutting Edge Productions Society)","427-268 Keefer St.","Vancouver","British Columbia","V6A 1X5","604-872-7713","Film/Video, Media and Digital Arts, Performance and Live Arts, Publications and Publishing, Sound Art and Music, Visual Arts","Artists' Residencies, No Fixed Location, Distribution Centre, Exhibition Centre, Production Centre","Independent Media Arts Alliance (IMAA), Pacific Association of Artist-Run Centres (PAARC)","https://www.onmaingallery.ca/","EN","admin@onmaingallery.ca","","-123.09811863129475","49.279429757539575"
"Open Studio","401 Richmond Street West, Suite 104","Toronto","Ontaria","M5V 3A8","416-504-8238","Printmaking, Publications and Publishing, Visual Arts","Artists' Residencies, Exhibition Centre, Information Centre, Production Centre, Publisher","Artist-Run Centres & Collectives of Ontario (ARCCO)","https://openstudio.ca/","EN","office@openstudio.ca","","-79.39506887905472","43.64764033888849"
"PAVED Arts","424 20th Street West","Saskatoon","Saskatchewan","S7M OX4","306-652-5502","Film/Video, Interdisciplinary, Media and Digital Arts, Performance and Live Arts, Sound Art and Music, Visual Arts","Artists' Residencies, Exhibition Centre, Production Centre","Plains Artist-Run Centres Association (PARCA)","https://www.pavedarts.ca/","EN","artistic@pavedarts.ca","","-106.67593317350841","52.12644169198302"
"Pleasure Dome","401 Richmond Street West Suite 122","Toronto","Ontaria","M5V 3A8","-","Film/Video, Media and Digital Arts, Publications and Publishing, Visual Arts","Exhibition Centre, Publisher","","https://pdome.org/","EN","pleasuredomemanager@gmail.com","","-79.43992302027105","43.67102208650511"
"Propeller Art Gallery","30 Abell Street","Toronto","Ontaria","M6J 0A9","416-504-7142","Interdisciplinary","Exhibition Centre","","https://propellerartgallery.com/","EN","info@propellerartgallery.com","","-79.42409390082489","43.64211591701498"
"Sâkêwêwak First Nations Artitsts' Collective INC.","201-1855 Scarth St","Regina","Alberta","S4P 2G9","306-352-0302","Crafts, Film/Video, Interdisciplinary, Media and Digital Arts, Performance and Live Arts, Sound Art and Music, Visual Arts","Artists' Residencies, Exhibition Centre, Information Centre","Aboriginal Region, Plains Artist-Run Centres Association (PARCA)","https://sakewewak.ca/","EN","ExecutiveDirector@sakewewak.ca","","-104.61045625823621","50.44948073700136"
"Saskatchewan Filmpool Cooperative","301 - 1822 Scarth Street","Regina","Saskatchewan","S4P 2G3","306-757-8818","Film/Video, Interdisciplinary, Media and Digital Arts, Performance and Live Arts, Publications and Publishing, Sound Art and Music","Distribution Centre, No Fixed Location, Information Centre, Production Centre, Publisher","Plains Artist-Run Centres Association (PARCA)","https://www.filmpool.ca/","EN","president@filmpool.ca","","-104.61119511590668","50.45000933539857"
"SAVAC (South Asian Visual Arts Centre)","401 Richmond Street","Toronto","Ontaria","M5V 3A8","416-542-1661","Film/Video, Visual Arts","Artists' Residencies, No Fixed Location","Artist-Run Centres & Collectives of Ontario (ARCCO)","https://savac.net/","EN","info@savac.net","","-79.39502981616577","43.647928291294846"
"SAW","67, rue Nicholas","Ottawa","Ontaria","K1N 7B9","613-236-6181","Film/Video, Interdisciplinary, Media and Digital Arts, Performance and Live Arts, Publications and Publishing, Sound Art and Music, Visual Arts","Information Centre","Artist-Run Centres & Collectives of Ontario (ARCCO), Association des Groupes en Arts Visuels Francophones (AGAVF)","https://saw-centre.com/","FR/EN","info@saw-centre.com","","-75.68896425574482","45.425299126567204"
"Second Story Art Society O/A Truck Contemporary Art in Calgary","2009 10th Avenue Southeast","Calgary","Alberta","T3C 0K4","403-261-7702","Interdisciplinary, Media and Digital Arts, Performance and Live Arts, Visual Arts","Artists' Residencies, Exhibition Centre, Publisher","Alberta Association of Artist-Run Centres (AAARC)","https://www.truck.ca/","EN","hello@truck.ca","","-114.02110867932495","51.034818751345945"
"SNAP (The Society of Northern Alberta Print-Artists)","10572 115 St. Northwest","Edmonton","Alberta","T5N 3K6","780-423-1492","Crafts, Interdisciplinary, Media and Digital Arts, Printmaking, Publications and Publishing, Visual Arts","Artists' Residencies, Exhibition Centre, Production Centre","Alberta Association of Artist-Run Centres (AAARC)","https://snapartists.com/","EN","snap@snapartists.com","","-113.51957955408588","53.54966176393156"
"The Bows","2001b 10th Ave. SW","Calgary","Alberta","T3C 0K4","825-994-3366","Crafts, Film/Video, Interdisciplinary, Media and Digital Arts, Performance and Live Arts, Printmaking, Publications and Publishing, Sound Art and Music, Visual Arts","Exhibition Centre, Production Centre","Alberta Association of Artist-Run Centres (AAARC)","https://www.thebows.org/","EN","info@thebows.org","","-114.10692060238831","51.044504479844996"
"The Independent Filmmakers Co-operative of Ottawa INC. (IFCO)","2 Daly Avenue, Suite 140","Ottawa","Ontaria","K1N 6E2","-","Film/Video","Production Centre","Artist-Run Centres & Collectives of Ontario (ARCCO), Independent Media Arts Alliance (IMAA)","https://www.ifco.ca/","EN","board@ifco.ca","","-75.68887763328948","45.42561248822682"
"The Red Head Gallery","401 Richmond Street West, Suite 115","Toronto","Ontaria","M5V 3A8","416-504-5654","Visual Arts","Exhibition Centre, Information Centre","Artist-Run Centres & Collectives of Ontario (ARCCO)","https://www.redheadgallery.org/","EN","info@redheadgallery.org","","-79.39480154500109","43.64813239730871"
"Third Space Gallery / Galerie Tiers Espace","Third Space P.O. Box 20103","Saint John","New Brunswick","E2L 5B2","506-566-7434","Film/Video, Interdisciplinary, Media and Digital Arts, Performance and Live Arts, Sound Art and Music, Visual Arts","Artists' Residencies, No Fixed Location, Exhibition Centre, Information Centre","Association of Artist-Run Centres From the Atlantic (AARCA)","https://thirdspacegallery.ca/","EN/FR","tiersespace@gmail.com","","-66.06221567176483","45.271942651703874"
"Toronto Reel Asian International Film Festival","448-401 Richmond Street West","Toronto","Ontaria","M5V 3A8","416-703-9333","Film/Video, Media and Digital Arts","Exhibition Centre","Artist-Run Centres & Collectives of Ontario (ARCCO), Independent Media Arts Alliance (IMAA)","https://www.reelasian.com/","EN","info@reelasian.com","","-79.39485558917751","43.648085917473686"
"Tribe, A Centre for Evolving Aboriginal Media, Visual & Performing Arts INC.","805-601 Spadina Crescent East","Saskatoon","Saskatchewan","S7K 3G8","306-244-4814","Media and Digital Arts, Performance and Live Arts, Visual Arts","No Fixed Location","Aboriginal Region, Plains Artist-Run Centres Association (PARCA)","-","-","-","","-106.65890173044728","52.1261355532701"
"Urban Shaman Contemporary Aboriginal Art Gallery","203-290 McDermot Avenue","Winnipeg","Manitoba","R3B 0T2","204-942-2674","Crafts, Film/Video, Interdisciplinary, Media and Digital Arts, Performance and Live Arts, Printmaking, Publications and Publishing, Sound Art and Music, Visual Arts","Exhibition Centre","Aboriginal Region, Manitoba Artist-Run Centres Coalition (MARCC)","https://www.urbanshaman.org/","EN","info@urbanshaman.org","","-97.14234634476425","49.8976318703011"
"Vtape","452-401 Richmond Street West","Toronto","Ontaria","M5V 3A8","416-351-1317","Film/Video, Media and Digital Arts, Publications and Publishing","Distribution Centre, Information Centre","Artist-Run Centres & Collectives of Ontario (ARCCO), Independent Media Arts Alliance (IMAA)","https://vtape.org/","EN","info@vtape.org","","-79.39501615849525","43.64779520160083"
"W2 Media","308-877 East Hastings","Vancouver","British Columbia","V6A 3Y1","-","Interdisciplinary, Media and Digital Arts, Publications and Publishing, Sound Art and Music","No Fixed Location, Production Centre, Publisher","Independent Media Arts Alliance (IMAA), Pacific Association of Artist-Run Centres (PAARC)","-","EN","-","","-123.08580037362415","49.28139935170212"
"Whippersnapper Gallery","594b Dundas Street West","Toronto","Ontaria","M5T 1H5","-","Crafts, Film/Video, Interdisciplinary, Media and Digital Arts, Printmaking, Publications and Publishing, Sound Art and Music, Visual Arts","Exhibition Centre","Artist-Run Centres & Collectives of Ontario (ARCCO)","https://whippersnapper.ca/","EN","general@whippersnapper.ca","","-79.4010999333537","43.652507012278996"
"White Water Gallery","159 Main Street East","North Bay","Ontaria","P1B 1A9","705-476-2444","Crafts, Film/Video, Interdisciplinary, Media and Digital Arts, Performance and Live Arts, Printmaking, Publications and Publishing, Sound Art and Music, Visual Arts","Artists' Residencies, Exhibition Centre","Artist-Run Centres & Collectives of Ontario (ARCCO)","https://whitewatergallery.com/","EN","info@whitewatergallery.com","","-79.46327582956246","46.30959530368763"
"YYZ Artists' Outlet","140-401 Richmond Street West","Toronto","Ontaria","M5V 3A8","416-598-4546","Film/Video, Interdisciplinary, Media and Digital Arts, Performance and Live Arts, Printmaking, Publications and Publishing, Visual Arts","Artists' Residencies, Exhibition Centre, Information Centre, Publisher","Artist-Run Centres & Collectives of Ontario (ARCCO)","http://www.yyzartistsoutlet.org","EN","yyz@yyzartistsoutlet.org","","-79.39458977383639","43.647965447765"